,河川代碼,河川名稱,河川英文,流入代號,管理組織代號,河川局,縣(市),排水路名稱,排水出口,權責起點,權責終點,集水面積 (km2),流長 (km),渠道坡降,水系別,水系別-英文,發源地,發源地-英文,流經縣市,流經縣市-英文,出海地,出海地-英文,流域面積(平方公里),幹流長度(公里),管理單位,管理單位-英文,描述
347,2200,富源溪,Fuyuan River,220000,8,,,,,,,,,,,,,,,,,,,,,,
390,2370,安通溪,Antong River,237000,9,,,,,,,,,,,,,,,,,,,,,,
420,2420,南清水溪,South Cingshuei River,242000,9,,,,,,,,,,,,,,,,,,,,,,光復溪支流
51,2560,土場溪,Tuchang River,256000,1,,,,,,,,,,,,,,,,,,,,,,
429,101000,磺溪,Huang River,0,10,,,,,,,,,,磺溪,Huang River,七星山,Cising Mountain,新北市、臺北市,New Taipei City、Taipei City,金山區,Jinshan,49,13.5,經濟部水利署,WRA,磺溪（亦稱北磺溪、Nothern Sulfur creek）為於台灣北部的獨立水系，發源於七星山北麓，於新北市金山區注入東海。其幹流長度13.50公里，流域面積49.07平方公里，分布於台北市士林區、北投區、新北市金山區等行政區。
431,102000,小坑溪,Xiaokeng River,0,10,,,,,,,,,,小坑溪,Siaokeng River,草埔尾,Caopuwei,新北市,New Taipei City,金山區,Jinshan,4,8.7,新北市,New Taipei City,
432,103000,乾華溪,Ganhua River,0,10,,,,,,,,,,乾華溪,Ganhua River,竹子山,Jhuzih Mountain,新北市,New Taipei City,石門區,Shihmen,10,12.1,新北市,New Taipei City,
316,104000,石門溪,Shimen River,0,8,,,,,,,,,,石門溪,Shihmen River,石門坑,Shihmenkeng,新北市,New Taipei City,石門區,Shihmen,4,9.4,新北市,New Taipei City,
433,105000,老梅溪,Laomei River,0,10,,,,,,,,,,老梅溪,Laomei River,尖山湖,Jianshanhu,新北市,New Taipei City,石門區,Shihmen,15,24.2,新北市,New Taipei City,
271,106000,楓林溪,Fenglin River,0,7,,,,,,,,,,楓林溪,Fenglin River,橫山,Heng Mountain,新北市,New Taipei City,石門區,Shihmen,2,4,新北市,New Taipei City,
434,107000,八甲溪,Bajia River,0,10,,,,,,,,,,八甲溪,Bajia River,大坑橫山,Dakengheng Mountain,新北市,New Taipei City,`,Shihmen,3,4,新北市,New Taipei City,
435,108000,埔坪溪,Puping River,0,10,,,,,,,,,,埔坪溪,Puping River,埔頭坑,Putoukeng,新北市,New Taipei City,三芝區,Sanjhih,13,5,新北市,New Taipei City,
436,109000,八蓮溪,Balian River,0,10,,,,,,,,,,八蓮溪,Balian River,竹子山,Jhuzi Mountain,新北市,New Taipei City,三芝區,Sanjhih,15,11,新北市,New Taipei City,
437,110000,大屯溪,Datun River,0,10,,,,,,,,,,大屯溪,Datun River,大屯山,Tatun Mountain,新北市,New Taipei City,淡水區,Danshuie,16,14.5,新北市,New Taipei City,
438,111000,後州溪,Houzhou River,0,10,,,,,,,,,,,,,,,,,,,,,,
439,112000,興仁溪,Xingren River,0,10,,,,,,,,,,興仁溪,Sinren River,北新庄子,Beisin jhuangzih,新北市,New Taipei City,淡水區,Danshuie,8,6,新北市,New Taipei City,
440,113000,林子溪,Linzi River,0,10,,,,,,,,,,林子溪,Linzih River,大屯山,Datun Mountain,新北市、臺北市,New Taipei&Taipei City,淡水區,Danshuie,26,16,新北市,New Taipei City,
441,114000,淡水河,Danshui River,0,10,,,,,,,,,,淡水河,Tamsui River,品田山,Pintian Mountain,新北市、臺北市、桃園市、新竹縣、 基隆市,New Taipei City、Taipei City、Taoyuan City、Hsinchu County、Keelung City,淡水區、八里區,Danshuie & Bali,2726,158.7,經濟部水利署,WRA,"淡水河發源於品田山(標高3,529公尺，位於新竹縣及台中市交界)；位於台灣北部，幹流長度158.70公里，為台灣第三長之河流；流域面積2,726.00平方公里，亦為第三大。"
442,114010,大漢溪,Dahan River,114000,10,,,,,,,,,,,,,,,,,,,,,,淡水河水系支流
443,114011,三峽溪,Sanxia River,114010,10,,,,,,,,,,,,,,,,,,,,,,
450,114012,鶯歌溪(兔子坑溪排水),Tu Zi Keng River  Drainage,114010,10,,,,,,,,,,,,,,,,,,,,,,
451,114013,塔寮坑溪,Taliaokeng River,114010,10,,,,,,,,,,,,,,,,,,,,,,
452,114014,塔克金溪,Takejin River,114010,10,,,,,,,,,,,,,,,,,,,,,,
453,114015,三光溪,Sanguang River,114010,10,,,,,,,,,,,,,,,,,,,,,,
454,114016,泰崗溪,Taigang River,114010,10,,,,,,,,,,,,,,,,,,,,,,
455,114017,白石溪,Baishi River,114010,10,,,,,,,,,,,,,,,,,,,,,,
502,114018,玉峰溪(馬里闊丸溪),Ma Li Kuo Wan River,114010,10,,,,,,,,,,,,,,,,,,,,,,
108,114020,新店溪,Xindian River,114000,10,,,,,,,,,,,,,,,,,,,,,,淡水河水系支流
456,114021,南勢溪,Nanshi River,114020,10,,,,,,,,,,,,,,,,,,,,,,南勢溪位於台灣北部，是新店溪的源流之一，全長約45公里，流域面積332平方公里，流域涵蓋新北市烏來區全境及新店區南端一小部分。其源頭位於棲蘭山與拳頭母山之間的松羅湖，先向東北流至哈盆後轉向西北流，至福山匯集扎孔溪、大羅蘭溪兩大支流後轉向北流，經信賢、屯鹿至烏來，在此匯集最大支流桶後溪，隨後經忠治後出烏來區境，於新店區之龜山與北勢溪交會，改稱為新店溪而終止。南勢溪上游有農委會林業試驗所的福山植物園，是一座具有研究及教育性質的天然植物生態園區，一般民眾需事先申請核可始能入園。該園雖然位於新北市境內，但因位置偏遠，一般均從宜蘭縣進出。南勢溪下游另有內洞森林遊樂區、烏來風景區等景點，為大台北地區著名的旅遊勝地。
292,114022,北勢溪,Beishi River,114020,10,,,,,,,,,,,,,,,,,,,,,,
467,114023,景美溪,Jingmei River,114020,10,,,,,,,,,,,,,,,,,,,,,,淡水河水系支流
474,114024,青潭溪,Qingtan River,114020,10,,,,,,,,,,,,,,,,,,,,,,
457,114028,軋孔溪,Gakong River,114021,10,,,,,,,,,,,,,,,,,,,,,,
458,114029,大羅蘭溪,Daluolan River,114021,10,,,,,,,,,,,,,,,,,,,,,,
475,114030,基隆河,Keelung River,114000,10,,,,,,,,,,,,,,,,,,,,,,基隆河是位於台灣北部的一條河川，也是淡水河三大主要支流之一，為台灣少數以「河」為名的河川，全長86.4公里，河段橫跨新北市、基隆市與台北市。該河川雖以「基隆」為名，但實際上主流及其支流主要分布於新北市與台北市，實際流經基隆市之河段僅約15公里（佔15％）。
476,114031,暖暖溪,Nuannuan River,114030,10,,,,,,,,,,,,,,,,,,,,,,
477,114032,大武崙溪,Dawulun River,114030,10,,,,,,,,,,,,,,,,,,,,,,
478,114033,拔西猴溪,Baxihou River,114030,10,,,,,,,,,,,,,,,,,,,,,,
479,114034,瑪陵坑溪,Malingkeng River,114030,10,,,,,,,,,,,,,,,,,,,,,,
480,114035,友蚋溪,Yourui River,114030,10,,,,,,,,,,,,,,,,,,,,,,
481,114036,保長坑溪,Baozhangkeng River,114030,10,,,,,,,,,,,,,,,,,,,,,,
68,114037,茄苳溪,Qiedong River,114030,10,,,,,,,,,,,,,,,,,,,,,,
482,114038,禮門溪,Limen River,114030,10,,,,,,,,,,,,,,,,,,,,,,
483,114039,智慧溪,Zhihui River,114030,10,,,,,,,,,,,,,,,,,,,,,,
499,114040,疏洪道,Floodway River,114000,10,,,,,,,,,,,,,,,,,,,,,,
500,114050,樹梅坑溪,Shumeikeng River,114000,10,,,,,,,,,,,,,,,,,,,,,,
62,115000,水仙溪,Shuixian River,0,2,,,,,,,,,,水仙溪,Shueisian River,林口,Linkou,新北市,New Taipei City,八里區,Bali,17,11.7,新北市,New Taipei City,
63,116000,寶斗溪,Baodou River,0,2,,,,,,,,,,寶斗溪,Baodou River,中湖,Jhonghu,新北市,New Taipei City,林口區,Linkou,17,5.7,新北市,New Taipei City,
64,117000,林口溪,Linkou River,0,10,,,,,,,,,,林口溪,Linku River,頂福,Dingfu,新北市,New Taipei City,林口區,Linkou,18,8.3,新北市,New Taipei City,林口溪位於新北市林口區，係屬縣管河川，其周邊河系有南崁溪、寶斗溪、瑞樹坑溪及紅水仙溪，皆由東南向西北流入大海。河川發源地: 中湖流域面積18.20平方公里幹流長度8.30公里平均坡降0.019
65,118000,南崁溪,Nankan River,0,2,,,,,,,,,,南崁溪,Nankan River,牛角坡,Nioujiaopo,桃園市,Taoyuan City,大園區,Dayuan,215,30.7,桃園市,Taoyuan City,南崁溪流域位於台灣西北部桃園縣北境，為桃園縣重要之縣管河川，北以林口溪為界，南臨埔心溪。南崁溪流域高度均在標高225公尺以下，屬台地地形，並以南崁溪主流為界，北岸屬坪頂台地區域，大多為山坡地，坡降較陡；南岸則為中壢台地區，坡降較平緩，地形略呈扇形，大部分為農田及城鎮區，為桃園縣之精華地帶。河川發源地: 坪頂附近之牛角坡主要支流: 坑子溪水系、茄苳溪水系流域面積73平方公里幹流長度15公里平均坡降1/130
66,118010,茄苳溪,Qiedong River,118000,2,,,,,,,,,,,,,,,,,,,,,,
69,119000,埔心溪,Puxin River,0,2,,,,,,,,,,,,,,,,,,,,,,
70,120000,新街溪,Xinjie River,0,2,,,,,,,,,,,,,,,,,,,,,,
71,121000,老街溪,Laojie River,0,2,,,,,,,,,,老街溪,Laojie River,深窩子,Shenwozih,桃園市,Taoyuan City,大園區,Dayuan,82,36.7,桃園市,Taoyuan City,
72,122000,富林溪,Fulin River,0,2,,,,,,,,,,富林溪,Fulin River,下大堀,Siatajyue,桃園市,Taoyuan City,觀音區,Guanyin,15,14.8,桃園市,Taoyuan City,
73,123000,大堀溪,Daku River,0,2,,,,,,,,,,大堀溪,Dajyue River,平鎮,Pingjhen,桃園市,Taoyuan City,觀音區,Guanyin,47,18.6,桃園市,Taoyuan City,
74,124000,觀音溪,Guanyin River,0,2,,,,,,,,,,觀音溪,Guanyin River,上青埔,Shangcingpu,桃園市,Taoyuan City,觀音區,Guanyin,24,7.8,桃園市,Taoyuan City,
75,125000,新屋溪,Xinwu River,0,2,,,,,,,,,,新屋溪,Sinwu River,楊梅鎮、老坑,"Yangmei Township, Laokeng",桃園市,Taoyuan City,新屋區,Sinwu,7,13.6,桃園市,Taoyuan City,
76,126000,社子溪,Shezi River,0,2,,,,,,,,,,社子溪,Shezih River,老坑尾,Laokengwei,桃園市,Taoyuan City,新屋區,Sinwu,78,24.2,桃園市,Taoyuan City,
77,127000,福興溪排水,Fuxing River Drainage,0,2,第二河川局,桃園市新竹縣,福興溪排水,出海,出海口,員笨橋,42.45,12.68,1/40~1/120,,,,,,,,,,,,,
512,127010,伯公岡支線,bo gong gang zhi xian,127000,2,第二河川局,桃園市新竹縣,伯公岡支線,福興溪排水,與福興溪排水匯流處,湖口鄉、新屋鄉、楊梅鎮交界,9.31,1.7,14/1000,,,,,,,,,,,,,
513,127020,六股溪排水,liu gu xi pai shui,127000,2,第二河川局,桃園市新竹縣,六股溪排水,福興溪排水,與福興溪排水匯流處,楊梅鎮第八公墓附近無,10.38,7.13,16/1000,,,,,,,,,,,,,
78,128000,新豐溪,Xinfeng River,0,2,,,,,,,,,,新豐溪,Sinfong River,北窩,Peiwu,新竹縣,Hsinchu County,新豐鄉,Sinfeng,95,34,新竹縣,Hsinchu County,
113,128010,德盛溪排水,De Sheng River Drainage,128000,2,第二河川局,桃園市新竹縣,德盛溪排水,新豐溪,與新豐溪匯流處,上湖國小,14.76,10.02,1/47~1/91,,,,,,,,,,,,,
516,128011,四湖支線,Si Hu Zhi Xian,128010,2,第二河川局,桃園市新竹縣,四湖支線,德盛溪排水,與德盛溪排水匯流處,潤泰紡織廠,3.5,3.38,1/44,,,,,,,,,,,,,
79,129000,鳳山溪,Fengshan River,0,2,,,,,,,,,,鳳山溪,Fengshan River,那結山,Najie Mountain,桃園市、新竹縣市,"Taoyuan City, Hsinchu County & City",新竹市、竹北市,Hsinchu & Zhubei,250,45.5,經濟部水利署,WRA,鳳山溪與台灣西部其他河川類似，都是由東往西流向大海；而且是流程短促、落差大。  自馬武督發源，西流至水汴頭匯大旱坑溪，此段在關西鎮內的中上游流域，雖然只有短短的數 10公里，對於該區的農業用水及休閒休憩都有很重要的意義。
80,129010,霄裡溪,Xiaoli River,129000,2,,,,,,,,,,,,,,,,,,,,,,鳳山溪水系支流
81,130000,頭前溪,Touqian River,0,2,,,,,,,,,,頭前溪,Touqian River,鹿場大山、李棟山,Luchangda Mountain & Lidong Mountain,新竹縣市,Hsinchu County & City,新竹市、竹北市,Hsinchu & Zhubei,566,63,經濟部水利署,WRA,"頭前溪的上游支流叫上坪溪，發源於新竹縣東部雪山山脈的鹿場大山(標高2,616公尺)西北麓，流經五峰鄉、橫山鄉後，在竹東與發源於新竹縣尖石鄉李凍山(標高1,913公尺)的油羅溪，匯流而成頭前溪，再西經芎林鄉、竹北市、新竹市後，到了南寮附近與鳳山溪匯流約500公尺後注入台灣海峽。"
83,130010,上坪溪,Shangping River,130000,2,,,,,,,,,,,,,,,,,,,,,,頭前溪水系支流
84,130011,霞喀羅溪,Xiakaluo River,130010,2,,,,,,,,,,,,,,,,,,,,,,
85,130020,油羅溪,Youluo River,130000,2,,,,,,,,,,,,,,,,,,,,,,頭前溪水系支流
114,130030,柯子湖溪排水,Kezihu River Drainage,130000,2,第二河川局,新竹縣新竹市,柯子湖溪排水,頭前溪,與頭前溪匯流處,寶山水庫溢洪道,13.383,10.63,1/420,,,,,,,,,,,,,
86,131000,客雅溪排水,Keya River Drainage,0,2,第二河川局,新竹縣新竹市,客雅溪排水,出海,出海口,北坑橋,51.31,25.89,1/50~1/333,,,,,,,,,,,,,
87,132000,鹽港溪排水,Yangang River Drainage,0,2,第二河川局,新竹縣新竹市苗栗縣,鹽港溪排水,出海,出海口,新豐橋,40.2,9.83,1/520,,,,,,,,,,,,,
317,133000,新港溪,Xingang River,0,8,,,,,,,,,,,,,,,,,,,,,,
88,134000,中港溪,Zhonggang River,0,2,,,,,,,,,,中港溪,Zhonggang River,鹿場大山,Luchangda Mountain,苗栗縣、新竹縣,"Miaoli County, Hsinchu County",後龍鎮、竹南鎮,Houlung & Zhunan,446,54,經濟部水利署,WRA,中港溪的位置在新竹縣的頭前溪和苗栗縣的後龍溪之間，它的發源地在苗栗南庄的山區，源頭有兩處：第一發源自鹿場大山(又名樂山，標高海拔2618公尺)的鹿湖溪，第二發源自加里山(標高海拔高2220公尺)的風美溪。
89,134010,南庄溪,Nanzhuang River,134000,2,,,,,,,,,,,,,,,,,,,,,,中港溪水系支流
90,134020,南河溪,Nanhe River,134000,2,,,,,,,,,,,,,,,,,,,,,,
91,134030,東河溪,Donghe River,134000,2,,,,,,,,,,,,,,,,,,,,,,東河溪位於苗栗縣境內，為中央管河川中港溪支流南庄溪上游主要水路。
92,134040,峨嵋溪,Emei River,134000,2,,,,,,,,,,,,,,,,,,,,,,
93,134041,大坪溪,Daping River,134040,2,,,,,,,,,,,,,,,,,,,,,,
94,134050,南港溪,Nangang River,134000,2,,,,,,,,,,,,,,,,,,,,,,中港溪水系支流
96,135000,後龍溪,Houlong River,0,2,,,,,,,,,,後龍溪,Houlong River,鹿場大山,Luchangda Mountain,苗栗縣,Miaoli County,後龍鎮,Houlung,537,58.3,經濟部水利署,WRA,後龍溪發源自苗栗縣東側的加里山山脈之鹿場大山，標高2616公尺。
34,135010,大湖溪,Dahu River,135000,2,,,,,,,,,,,,,,,,,,,,,,
97,135020,南湖溪,Nanhu River,135000,2,,,,,,,,,,,,,,,,,,,,,,大甲溪水系支流
99,135030,汶水溪,Wenshui River,135000,2,,,,,,,,,,,,,,,,,,,,,,位於苗栗縣獅潭、泰安及大湖三鄉鎮境內，屬後龍溪之支流之一，主流全長約24.83公里，集水面積約105.52平方公里，全區均屬山地，河道平均坡降為1/23。
100,135040,鹽水坑溪,Yanshuikeng River,135000,2,,,,,,,,,,,,,,,,,,,,,,後龍溪支流
101,135050,雞隆河,Jilong River,135000,2,,,,,,,,,,,,,,,,,,,,,,後龍溪水系支流
102,135060,沙河溪,Shahe River,135000,2,,,,,,,,,,,,,,,,,,,,,,後龍溪支流
103,135061,打馬溝溪,Damagou River,135060,2,,,,,,,,,,,,,,,,,,,,,,後龍溪支流
104,135062,飛鳳溪,Feifeng River,135060,2,,,,,,,,,,,,,,,,,,,,,,後龍溪支流
105,135070,老田寮溪,Laotianliao River,135000,2,,,,,,,,,,,,,,,,,,,,,,後龍溪水系支流
106,135071,拔仔崗溪,Bazaigang River,135070,2,,,,,,,,,,,,,,,,,,,,,,
107,135080,新店溪,Xindian River,135000,2,,,,,,,,,,,,,,,,,,,,,,
109,136000,西湖溪,Xihu River,0,2,,,,,,,,,,西湖溪,Sihu River,關刀山,Guandao Mountain,苗栗縣,Miaoli County,後龍鎮,Houlung,111,32.5,苗栗縣,Miaoli County,
110,137000,通霄溪,Tongxiao River,0,2,,,,,,,,,,通霄溪,Tongsiao River,斧頭坑,Futoukeng,苗栗縣,Miaoli County,通霄鎮,Tongsiao,80,10,苗栗縣,Miaoli County,
111,138000,苑裡溪,Yuanli River,0,2,,,,,,,,,,苑裡溪,Yuanli River,水坡,Shuei po,苗栗縣,Miaoli County,苑裡鎮,Yuanli,13,16.5,苗栗縣,Miaoli County,
112,139000,房裡溪,Fangli River,0,2,,,,,,,,,,房裡溪,Fangli River,火炎山,Huoyan Mountain,苗栗縣,Miaoli County,苑裡鎮,Yuanli,39,14,苗栗縣,Miaoli County,
115,140000,大安溪,Daan River,0,3,,,,,,,,,,大安溪,Daan River,大霸尖山,Dabajian Mountain,苗栗縣、臺中市,"Miaoli County, Taichung City",大甲區、大安區,Dajia & Daan,758,95.8,經濟部水利署,WRA,大安溪位於台灣中部台中市、苗栗縣境內，亦是苗栗縣與台中市的天然界河，南臨大甲溪，北為後龍溪，大安溪發源於雪山山脈之大霸尖山，海拔約3488公尺，並由台中市大安區頂安村流入台灣海峽，全長約95.76公里。
116,140010,馬達拉溪,Madala River,140000,3,,,,,,,,,,,,,,,,,,,,,,
117,140020,雪山溪,Xueshan River,140000,3,,,,,,,,,,,,,,,,,,,,,,
118,140030,大雪溪,Daxue River,140000,3,,,,,,,,,,,,,,,,,,,,,,
119,140040,北坑溪,Beikeng River,140000,3,,,,,,,,,,,,,,,,,,,,,,
120,140050,雪山坑溪,Xueshankeng River,140000,3,,,,,,,,,,,,,,,,,,,,,,
121,140060,烏石坑溪,Wushikeng River,140000,3,,,,,,,,,,,,,,,,,,,,,,大安溪水系支流
122,140070,景山溪,Jingshan River,140000,3,,,,,,,,,,,,,,,,,,,,,,大安溪水系支流
123,141000,溫寮溪,Wenliao River,0,3,,,,,,,,,,溫寮溪,Wunliao River,鐵砧山,Tiejhan Mountain,臺中市,Taichung City,大安區,Daan,33,9.5,臺中市,Taichung City,
124,142000,大甲溪,Dajia River,0,3,,,,,,,,,,大甲溪,Dajia River,南湖東山,Nanhu East Mountain,臺中市,Taichung City,清水區、大安區,Qingshui & Daan,1236,124.2,經濟部水利署,WRA,"大甲溪位於台灣中部台中市境內，東界中央山脈，北與大安溪流域為鄰，南臨烏溪流域，上游發源於中央山脈之次高山(標高3,884公尺)及南湖大山(標高3,740公尺)，主流由南湖溪流至太保久與伊卡丸溪匯合後，始稱大甲溪。流經梨山、佳陽至達見，河幅較寬廣，以下則成帶形，經谷關、白冷、馬鞍寮至東勢流入平原，在梧棲北側頭北厝注入台灣海峽，流域面積約1,236平方公里，主流全長約124公里，河床平均比降約1/60。"
125,142010,七家灣溪,Qijiawan River,142000,3,,,,,,,,,,,,,,,,,,,,,,
126,142020,四季郎溪,Sijilang River,142000,3,,,,,,,,,,,,,,,,,,,,,,
127,142030,志樂溪,Zhile River,142000,3,,,,,,,,,,,,,,,,,,,,,,
128,142040,匹亞桑溪,Piyasang River,142000,3,,,,,,,,,,,,,,,,,,,,,,
148,142050,食水嵙溪排水,Shi Shui Ke River Drainage,142000,3,,,,,,,,,,,,,,,,,,,,,,
129,143000,烏溪,Wu River,0,3,,,,,,,,,,烏溪,Wu River,合歡山,Hehuan Mountain,臺中市、南投縣、彰化縣,"Taichung City, Nantou County, Changhua County",龍井區、伸港鄉,Longjing & Shengang,2026,119.1,經濟部水利署,WRA,位於台灣中部，發源於中央山脈合歡山西麓，海拔2596公尺。流域範圍東邊是以中央山脈為界，北邊接大甲溪流域，南邊接濁水溪流域，溪邊是到台中市龍井區，出海口位於台中市與彰化縣的交界，最後注入台灣海峽。整個流域看起來像極了桐葉。烏溪在台灣中部，發源地在中央山脈合歡山西麓。
130,143010,北港溪,Beigang River,143000,3,,,,,,,,,,,,,,,,,,,,,,
133,143011,水長流溪,Shuichangliu River,143010,3,,,,,,,,,,,,,,,,,,,,,,
95,143020,南港溪,Nangang River,143000,3,,,,,,,,,,,,,,,,,,,,,,
134,143030,眉溪,Mei River,143000,3,,,,,,,,,,,,,,,,,,,,,,烏溪水系支流
135,143040,貓羅溪,Maoluo River,143000,3,,,,,,,,,,,,,,,,,,,,,,烏溪水系支流
136,143041,平林溪,Pinglin River,143040,3,,,,,,,,,,,,,,,,,,,,,,
137,143042,樟平溪,Changping River,143040,3,,,,,,,,,,,,,,,,,,,,,,
517,143043,隘寮溪排水,Ai Liao River Drainage,143040,3,第三河川局,彰化縣南投縣,隘寮溪排水,貓羅溪,與貓羅溪匯流處,15K+700,36.37,22.38,1/70~1/146,,,,,,,,,,,,,
138,143050,大里溪,Dali River,143000,3,,,,,,,,,,,,,,,,,,,,,,烏溪水系支流
27,143051,大坑溪,Dakeng River,143050,3,,,,,,,,,,,,,,,,,,,,,,
139,143052,廍子溪,Fazi River,143050,3,,,,,,,,,,,,,,,,,,,,,,廍子溪，舊名廍仔坑溪，位於台灣中部，屬於烏溪水系，為大里溪支流，河長11.53公里，流域面積22.10平方公里，河床平均坡降1/50[1]。流域分佈於臺中市太平區北部及臺中市北屯區南端。主流發源於大橫屏山山脈海拔標高859公尺之頭嵙山西側，向西沿臺中市北屯、太平區交界流經內坪林、水井後，轉向南進入太平區境，於太平區宜佳里與大坑溪合流後，改稱大里溪。
140,143053,旱溪,Han River,143050,3,,,,,,,,,,,,,,,,,,,,,,旱溪是臺灣中部一條河川，屬於烏溪水系，為大里溪的支流，流域位於臺中市境內。旱溪之名乃因流量受雨水支配，在乾季時常呈乾涸狀態。
143,143054,頭汴坑溪,Toubiankeng River,143050,3,,,,,,,,,,,,,,,,,,,,,,
144,143055,草湖溪,Caohu River,143050,3,,,,,,,,,,,,,,,,,,,,,,草湖溪位於台灣中部，屬於烏溪水系，為大里溪支流，河長14.9公里，流域面積47.66平方公里，河床平均坡降1/90。流域分布於臺中市南部，包括霧峰區東北半部、大里區東南端及太平區南端。本流發源於大橫屏山山脈西側的太平區黃竹里，分向西北流至大里區頂塗城一帶匯合，向西沿大里、霧峰交界繞行至大里區西湖里附近會合乾溪，續流至大里區夏田里附近注入大里溪。
149,143056,旱溪排水,Han River,143050,3,第三河川局,台中市,旱溪排水,大里溪,大里溪匯流處,台中市東區與大里市交界處雨水下水道箱涵出口點,67.76,9.23,1/240,,,,,,,,,,,,,
141,143059,烏牛欄溪,Wuniulan River,143053,3,,,,,,,,,,,,,,,,,,,,,,
147,143060,筏子溪,Fazi River,143000,3,,,,,,,,,,,,,,,,,,,,,,烏溪水系支流
151,143061,港尾子溪排水,Gang Wei Zi River Drainage,143060,3,第三河川局,台中市,港尾子溪排水,筏仔溪,與筏子溪匯流處,與大埔厝圳支線及員寶圳支線匯流,23.5,4.5,1/120,,,,,,,,,,,,,
511,143070,同安厝排水,Tong An Cuo Drainage,143000,3,第三河川局,台中市,同安厝排水,烏溪,烏溪北岸頂勞胥段路堤1K-025排水,台中女子監獄圍牆毗鄰處,9.5,5.6,1/21~1/70,,,,,,,,,,,,,
152,144000,萬寮溪,Wanliao River,0,4,,,,,,,,,,,,,,,,,,,,,,
153,145000,洋仔厝溪,Yangzaicuo River,0,4,,,,,,,,,,,,,,,,,,,,,,
154,146000,員林大排水,Yuanlin Drainage,0,4,,,,,,,,,,,,,,,,,,,,,,
155,147000,舊濁水溪,Jiuzhuoshui River,0,4,,,,,,,,,,,,,,,,,,,,,,
156,148000,萬興排水幹線,Wanxing Drainage,0,4,,,,,,,,,,,,,,,,,,,,,,
157,149000,二林溪,Erlin River,0,4,,,,,,,,,,,,,,,,,,,,,,
158,150000,魚寮溪,Yuliao River,0,4,,,,,,,,,,,,,,,,,,,,,,
159,151000,濁水溪,Zhuoshui River,0,4,,,,,,,,,,濁水溪,Zhuoshui River,合歡山,Hehuan Mountain,南投縣、彰化縣、雲林縣、嘉義縣,"Nantou County, Changhua County, Yunlin County, Chiayi County",大城鄉、麥寮鄉,Dacheng & Mailiao,3157,186.6,經濟部水利署,WRA,濁水溪，發源於合歡山主峰與東峰間的「左久間鞍部」，大約在標高3200公尺處，其最上游為霧社溪，係集合歡山西坡之水，沿縱谷流下，至廬山附近與塔羅灣溪匯流，至萬大附近與萬大溪合流，再併入丹大溪、巒大溪、郡大溪、水里溪、陳有蘭溪等支流。其下河谷漸漸開闊，於集集盆地再納清水溝溪、東埔蚋溪與清水溪後流入彰雲平原。並於彰化縣大城鄉的下海墘村與雲林縣麥寮鄉許厝寮之間流入台灣海峽，全長186.6公里，為全台灣最長的一條河。
163,151010,陳有蘭溪,Chenyoulan River,151000,4,,,,,,,,,,,,,,,,,,,,,,濁水溪水系支流
164,151011,和社溪,Heshe River,151010,4,,,,,,,,,,,,,,,,,,,,,,陳有蘭溪支流
165,151012,沙里仙溪,Shalixian River,151010,4,,,,,,,,,,,,,,,,,,,,,,
166,151013,阿里不動,Alibudong River,151010,4,,,,,,,,,,,,,,,,,,,,,,
167,151014,筆石溪,Bishi River,151010,4,,,,,,,,,,,,,,,,,,,,,,
168,151015,十八重溪,Shibachong River,151010,4,,,,,,,,,,,,,,,,,,,,,,
169,151016,內茅埔溪,Neimaopu River,151010,4,,,,,,,,,,,,,,,,,,,,,,
170,151017,郡坑溪,Junkeng River,151010,4,,,,,,,,,,,,,,,,,,,,,,濁水溪水系支流
171,151018,蒼庫溪,Cangku River,151010,4,,,,,,,,,,,,,,,,,,,,,,
38,151020,清水溪,Qingshui River,151000,4,,,,,,,,,,,,,,,,,,,,,,濁水溪水系支流
172,151021,阿里山溪,Alishan River,151020,4,,,,,,,,,,,,,,,,,,,,,,
173,151022,加走寮溪,Jiazouliao River,151020,4,,,,,,,,,,,,,,,,,,,,,,
174,151023,內田子溪,Neitianzi River,151020,4,,,,,,,,,,,,,,,,,,,,,,
175,151024,過溪,Guo River,151020,4,,,,,,,,,,,,,,,,,,,,,,
176,151025,雷公坑溪,Leigongkeng River,151020,4,,,,,,,,,,,,,,,,,,,,,,
177,151030,東埔蚋溪,Dongpurui River,151000,4,,,,,,,,,,,,,,,,,,,,,,濁水溪水系支流
178,151040,萬大溪,Wanda River,151000,4,,,,,,,,,,,,,,,,,,,,,,濁水溪水系支流
179,151050,卡社溪,Kashe River,151000,4,,,,,,,,,,,,,,,,,,,,,,
180,151060,郡大溪,Junda River,151000,4,,,,,,,,,,,,,,,,,,,,,,
181,151061,巒大溪,Luanda River,151060,4,,,,,,,,,,,,,,,,,,,,,,
182,151070,丹大溪,Danda River,151000,4,,,,,,,,,,,,,,,,,,,,,,濁水溪水系支流
183,151080,卓棍溪,Zhuogun River,151000,4,,,,,,,,,,,,,,,,,,,,,,濁水溪支流
184,151090,水里溪,Shuili River,151000,4,,,,,,,,,,,,,,,,,,,,,,濁水溪水系支流
187,152000,新虎尾溪,Xinhuwei River,0,5,,,,,,,,,,新虎尾溪,Sinhuwei River,烏塗子,Wutuzih,雲林縣,Yunlin County,麥寮鄉、臺西鄉,Mailiao & Taisi,109,50,雲林縣,Yunlin County,
188,153000,舊虎尾溪,Jiuhuwei River,0,5,,,,,,,,,,,,,,,,,,,,,,
131,154000,北港溪,Beigang River,0,5,,,,,,,,,,北港溪,Beigang River,七星嶺,Cising Moutain,雲林縣、嘉義縣,"Yunlin County, Chiayi County",口湖鄉、東石鄉,Kouhu & Dongshih,645,82,經濟部水利署,WRA,發源地：北港溪發源於阿里山脈西麓丘陵地帶林內鄉七星稜(標高516公尺)，流域跨越雲林、嘉義二縣，北為新虎尾溪流域，南鄰朴子溪流域，東接濁水溪支流清水溪流域。分界點：北港溪原屬濁水溪四大入海分流之一，大正元年(西元1912年)內第1、2號堤防興建完成後，乃自成水系。北港溪是由雲林縣北港鎮的地名而來，上游是虎尾溪，從虎尾平和橋以下才稱為北港溪。
189,154010,虎尾溪,Huwei River,154000,5,,,,,,,,,,,,,,,,,,,,,,北港溪水系支流
190,154011,石榴班溪,Shiliuban River,154010,5,,,,,,,,,,,,,,,,,,,,,,
195,154012,大埔溪,Dapu River,154010,5,,,,,,,,,,,,,,,,,,,,,,
196,154013,海豐崙溪,Haifenglun River,154010,5,,,,,,,,,,,,,,,,,,,,,,
197,154014,乾溪,Gan River,154010,5,,,,,,,,,,,,,,,,,,,,,,
199,154015,雲林溪,Yunlin River,154010,5,,,,,,,,,,,,,,,,,,,,,,
191,154019,石子坑溪,Shizikeng River,154011,5,,,,,,,,,,,,,,,,,,,,,,
201,154020,三疊溪,Sandie River,154000,5,,,,,,,,,,,,,,,,,,,,,,北港溪水系支流
202,154021,九芎坑溪,Jiuqiongkeng River,154020,5,,,,,,,,,,,,,,,,,,,,,,
203,154022,石龜溪,Shigui River,154020,5,,,,,,,,,,,,,,,,,,,,,,北港溪水系支流
233,154023,興安排水,Xingan Drainage,154020,5,第五河川局,雲林縣嘉義縣,興安排水,三疊溪,與三疊溪匯流處,雲一五七線與尼姑支線交會點,11.61,6.6,1/426~1/1629,,,,,,,,,,,,,
204,154030,大湖口溪,Dahukou River,154000,5,,,,,,,,,,,,,,,,,,,,,,北港溪水系支流
205,154040,石牛溪,Shiniu River,154000,5,,,,,,,,,,,,,,,,,,,,,,北港溪水系支流
206,154041,崙子溪,Lunzi River,154040,5,,,,,,,,,,,,,,,,,,,,,,
207,155000,朴子溪,Pozi River,0,5,,,,,,,,,,朴子溪,Puzi River,芋菜坑,Yucaikeng,嘉義縣市,Chiayi County & City,東石鄉,Dongshih,427,75.9,經濟部水利署,WRA,朴子溪位於嘉義縣境內，流經嘉南平原，在東石鄉附近注入台灣海峽。它的發源地在嘉義縣境內阿里山脈的西麓，在海拔1421公尺四天王山的「竿秦」，四天王山的水社寮車站和朴子溪是一個交會處。
208,155010,牛稠溪,Niuchou River,155000,5,,,,,,,,,,,,,,,,,,,,,,朴子溪水系支流
209,155020,阿拔泉溪,Abaqyuan River,155000,5,,,,,,,,,,,,,,,,,,,,,,朴子溪水系支流
210,155030,崎腳溪,Qijiao River,155000,5,,,,,,,,,,,,,,,,,,,,,,
211,155040,白樹腳溪,Baishujiao River,155000,5,,,,,,,,,,,,,,,,,,,,,,朴子溪水系支流
212,155041,東廣寮溪,Donguangliao River,155040,5,,,,,,,,,,,,,,,,,,,,,,朴子溪水系支流
160,155050,濁水溪,Zhuoshui River,155000,5,,,,,,,,,,,,,,,,,,,,,,
213,155051,番子路科溪,Fanziluke River,155050,5,,,,,,,,,,,,,,,,,,,,,,朴子溪水系支流
39,155052,清水溪,Qingshui River,155050,5,,,,,,,,,,,,,,,,,,,,,,
214,155056,頂埔溪,Dingpu River,155052,5,,,,,,,,,,,,,,,,,,,,,,朴子溪水系支流
215,155060,獅子頭溪,Shizitou River,155000,5,,,,,,,,,,,,,,,,,,,,,,朴子溪水系支流
234,155070,嘉義排水,Jiayi Drainage,155000,5,第五河川局,嘉義縣嘉義市,嘉義排水,朴子溪,與朴子溪匯流處,農田水利會水虞厝導水路放水口橋,15.5,2.13,1/40~1/380,,,,,,,,,,,,,
235,155080,麻魚寮排水,Mayuliao Drainage,155000,5,,,,,,,,,,,,,,,,,,,,,,
518,155081,埤麻腳排水,Pi Ma Jiao Drainage,155080,5,第五河川局,嘉義縣嘉義市,埤麻腳排水,麻魚寮溪排水,與麻魚寮溪排水匯流處,大溪厝嘉溪橋下游,9.66,3.19,1/430,,,,,,,,,,,,,
216,156000,內田排水排水路,Neitian River,0,5,,,,,,,,,,,,,,,,,,,,,,
217,157000,龍宮溪,Longgong River,0,5,,,,,,,,,,,,,,,,,,,,,,
218,158000,八掌溪,Bazhang River,0,5,,,,,,,,,,八掌溪,Bazhang River,奮起湖,Fencihu,嘉義縣市、臺南市,"Chiayi County & City, Tainan City",布袋鎮、北門區,Budai & Beimen,475,80.9,經濟部水利署,WRA,八掌溪原名「八獎溪」，因有赤蘭溪等八條小溪合併而得名，主流發源於嘉義縣竹崎鄉奮起湖山(標高1940公尺)。
219,158010,赤蘭溪,Chilan River,158000,5,,,,,,,,,,,,,,,,,,,,,,八掌溪水系支流
220,158011,澐水溪,Yunshui River,158010,5,,,,,,,,,,,,,,,,,,,,,,
221,158015,石?溪,Shi ? River,158011,5,,,,,,,,,,,,,,,,,,,,,,
82,158020,頭前溪,Touqian River,158000,5,,,,,,,,,,,,,,,,,,,,,,
222,158021,牛稠埔坑溪,Niu Chou Pu Keng River,158020,5,,,,,,,,,,,,,,,,,,,,,,
236,158030,湖子內排水(在來排水),Zai lai  Drainage,158000,5,,,,,,,,,,,,,,,,,,,,,,
237,158040,後庄排水(隆恩排水),Long en Drainage,158000,5,,,,,,,,,,,,,,,,,,,,,,
223,159000,急水溪,Jishui River,0,5,,,,,,,,,,急水溪,Jishui River,檳榔山,Binglang Mountain,臺南市,Tainan City,北門區,Beimen,379,65,經濟部水利署,WRA,急水溪流域位於台灣西南部，北接八掌溪流域，南接將軍溪流域，東南與曾文溪為鄰，西臨台灣海峽，急水溪發源於白河鎮阿里山山脈關子嶺南寮東南方，並由台南縣南鯤鯓王爺港流入海，全長65.00公里·
224,159010,龜重溪,Guizhong River,159000,5,,,,,,,,,,,,,,,,,,,,,,急水溪水系支流
225,159011,鹿寮溪,Luliao River,159010,5,,,,,,,,,,,,,,,,,,,,,,
67,159012,茄苳溪,Qiedong River,159010,5,,,,,,,,,,,,,,,,,,,,,,
227,159020,白水溪,Baishui River,159000,5,,,,,,,,,,,,,,,,,,,,,,
228,159021,仙草埔溪,Xiancaopu River,159020,5,,,,,,,,,,,,,,,,,,,,,,
229,159030,六重溪,Liuzhong River,159000,5,,,,,,,,,,,,,,,,,,,,,,急水溪水系支流
230,160000,將軍溪排水,Jiangjun River Drainage,0,5,,,,,,,,,,,,,,,,,,,,,,
231,161000,劉厝排水,Liucuo River,0,5,,,,,,,,,,,,,,,,,,,,,,
232,161010,大塭寮排水,Dawenliao Drainage,161000,5,,,,,,,,,,,,,,,,,,,,,,
238,163000,曾文溪,Zengwen River,0,6,,,,,,,,,,曾文溪,Zengwen River,阿里山,Alishan,臺南市,Tainan City,安南區、七股區,Annan & Qigu,1177,138.5,經濟部水利署,WRA,位於阿里山山脈的萬歲山是曾文溪的河川發源地，它主要支流有後崛溪，菜寮溪，官田溪等。
239,163010,後堀溪,Houjue River,163000,6,,,,,,,,,,,,,,,,,,,,,,曾文溪水系支流
240,163020,菜寮溪,Cailiao River,163000,6,,,,,,,,,,,,,,,,,,,,,,曾文溪水系支流
241,163030,密枝溪,Mizhi River,163000,6,,,,,,,,,,,,,,,,,,,,,,曾文溪水系支流
242,163040,油車溪,Youche River,163000,6,,,,,,,,,,,,,,,,,,,,,,
243,163041,灣丘溪,Wanqiu River,163040,6,,,,,,,,,,,,,,,,,,,,,,曾文溪水系支流
244,163050,後旦溪,Houdan River,163000,6,,,,,,,,,,,,,,,,,,,,,,
245,163060,官田溪,Guantian River,163000,6,,,,,,,,,,,,,,,,,,,,,,曾文溪水系支流
246,164000,鹿耳門溪,Luermen River,0,6,,,,,,,,,,,,,,,,,,,,,,
247,164010,學甲寮中排,Xuejialiao Drainage,164000,6,,,,,,,,,,,,,,,,,,,,,,
248,164020,溪南寮排水,Xinanliao Drainage,164000,6,,,,,,,,,,,,,,,,,,,,,,
249,164030,溪筏港之一排水,Xifagang No.1 Drainage,164000,6,,,,,,,,,,,,,,,,,,,,,,
250,164040,溪筏港之二排水,Xifagang No.2 Drainage,164000,6,,,,,,,,,,,,,,,,,,,,,,
251,164050,土城排水,Tucheng Drainage,164000,6,,,,,,,,,,,,,,,,,,,,,,
252,164060,土城仔小排一之三,Tuchengzai No.1-3 Drainage,164000,6,,,,,,,,,,,,,,,,,,,,,,
0,165000,鹽水溪,Yanshui River,0,6,,,,,,,,,,鹽水溪,Yanshui River,大坑尾,Dakengwei,臺南市,Tainan City,安南區、安平區,Annan & Anping,340,41.3,經濟部水利署,WRA,鹽水溪，它的位置在台南市，發源於龍崎的大坑尾中央山脈南部低山地帶，向西流經過關廟之後稱為咬狗溪，然後再轉北繼續沿歸仁、關廟交界而流，在永康，新化交界稱為許縣溪，並且在此匯深坑子、潭頂二條溪，繼續向下流經過永康與新市、安南區界，在這開始稱為鹽水溪。
253,165010,虎頭溪排水,Hutou river Drainage,165000,6,,,,,,,,,,,,,,,,,,,,,,
254,165020,許縣溪,Xuxian River,165000,6,,,,,,,,,,,,,,,,,,,,,,
255,165030,那(草字部)菝林溪,Nabalin River,165000,6,,,,,,,,,,,,,,,,,,,,,,
1,165040,大洲排水,Dazhou Drainage,165000,6,,,,,,,,,,,,,,,,,,,,,,
2,165050,柴頭港溪排水,Chaitougang River Drainage,165000,6,,,,,,,,,,,,,,,,,,,,,,
3,165060,鹽水溪排水,Yanshui River Drainage,165000,6,第六河川局,台南市,鹽水溪排水,鹽水溪,與鹽水溪匯流處,北五間厝中排匯入處,109,19.24,1/7000,,,,,,,,,,,,,
4,165061,曾文溪排水,Zengwen River Drainage,165060,6,第六河川局,台南市,曾文溪排水,鹽水溪排水,與鹽水溪排水匯流處,12K+570,31,12.57,1/5000,,,,,,,,,,,,,
5,165062,安順寮排水,Anshunliao Drainage,165060,6,第六河川局,台南市,安順寮排水,鹽水排水,與鹽水溪排水匯流處,南科特定區公滯1旁之無名橋(不含橋),22,7.73,1/4500,,,,,,,,,,,,,
256,166000,二仁溪,Erren River,0,6,,,,,,,,,,二仁溪,Erren River,山豬湖,Shanjuhu,臺南市、高雄市,"Tainan City, Kaohsiung City",南區、茄萣區,South & Qieding,339,61.2,經濟部水利署,WRA,發源地：由內門區上溯石門坑發源於高雄市內門區木柵村的山豬湖（地點標高460公尺），經調查二仁溪源頭沿著烏山往下延伸的丘陵（新化丘陵）地是至蘇遠埔進入平原地形，丘陵西側中心崙為另一源頭。分界點：二仁溪主流概略以田寮區崗山頭為平地與山地的分界點。
257,166010,三爺溪排水,San Ye  River Drainage,166000,6,第六河川局,台南市,三爺溪排水,二仁溪,與二仁溪匯流處,鯽潭橋下游側(不含鯽潭橋),63,12.97,1/1700,,,,,,,,,,,,,
519,166011,西機場排水,Xi Ji Chang,166010,6,第六河川局,台南市,西機場排水,三爺溪排水,與三爺溪匯流處,台南市南區南鞍段與建南段交界處之箱涵與明渠交界點,2.3,2.2,1/430,,,,,,,,,,,,,
258,166020,牛稠埔溪,Niuchoupu River,166000,6,,,,,,,,,,,,,,,,,,,,,,二仁溪水系支流
259,166030,松子腳溪,Songzijiao River,166000,6,,,,,,,,,,,,,,,,,,,,,,
260,166040,深坑子溪,Shenkengzi River,166000,6,,,,,,,,,,,,,,,,,,,,,,
261,166050,港尾溝排水,Gangweigou Drainage,166000,6,,,,,,,,,,,,,,,,,,,,,,
262,167000,阿公店溪,Agongdian River,0,6,,,,,,,,,,阿公店溪,Agongdian River,烏山頂,Ushantou,高雄市,Kaohsiung City,永安區、彌陀區,Yong-an & Mituo,137,38,經濟部水利署,WRA,阿公店溪位於台灣的南部，屬於中央管河川，發源高雄市烏山頂，幹流長度38.00公里，流域面積137.07平方公里，分佈於高雄市岡山區、燕巢區、阿蓮區、路竹區、永安區、彌陀區，主要支流為潭底洋排水。
161,167010,濁水溪,Zhuoshui River,167000,6,,,,,,,,,,,,,,,,,,,,,,
263,167020,旺萊溪,Wanglai River,167000,6,,,,,,,,,,,,,,,,,,,,,,
264,167030,土庫排水,Tuku Drainage,167000,6,,,,,,,,,,,,,,,,,,,,,,
265,167040,岡山溪,Gangshan River,167000,6,,,,,,,,,,,,,,,,,,,,,,
266,168000,典寶溪排水,Dianbao River Drainage,0,6,第六河川局,高雄市,典寶溪排水,出海,出海口,鳳山厝橋,106,32,1/400,,,,,,,,,,,,,
267,169000,後勁溪,Houjin River,0,6,,,,,,,,,,,,,,,,,,,,,,
268,170000,愛河,Ai River,0,6,,,,,,,,,,,,,,,,,,,,,,高雄市境內最具代表性的一條河川，它原本是條野溪，發源於半屏山的仁武鄉，由東向西穿越高雄市，流域涵蓋市區面積高達四成，最後注入潟湖高雄港。
269,171000,前鎮河,Qianzhen River,0,6,,,,,,,,,,,,,,,,,,,,,,
270,172000,鹽水港溪,Yanshuigang River,0,6,,,,,,,,,,,,,,,,,,,,,,
272,173000,高屏溪,Gaoping River,0,7,,,,,,,,,,高屏溪,Gaoping River,玉山,Yade Mountain,高雄市、屏東縣,"Kaohsiung City, Pingtung County",林園區、新園鄉,Linyuan & Xinyuan,3257,171,經濟部水利署,WRA,"高屏溪位於台灣南部，舊名下淡水溪，發源於中央山脈玉山附近，向南流經高雄、屏東兩縣之25鄉鎮市， 於林園鄉及新園鄉注入台灣海峽，主流全長171公里，流域面積3,257平方公里，為台灣流域面積最大、次長之河川，上游除幹流荖濃溪外，主要支流包括旗 山溪、隘寮溪及荖濃溪分流濁口溪，旗山溪分流美濃溪、口隘溪等。"
273,173010,荖濃溪,Laonong River,173000,7,,,,,,,,,,,,,,,,,,,,,,高屏溪水系支流
274,173011,濁口溪,Zhuokou River,173010,7,,,,,,,,,,,,,,,,,,,,,,高屏溪水系支流
275,173012,寶來溪,Baolai River,173010,7,,,,,,,,,,,,,,,,,,,,,,位於台灣南部，屬於高屏溪水系，為荖濃溪第二大支流，河長28公里，流域面積133平方公里，分布於高雄市六龜區東北端及桃源區中南部。主流發源於卑南主山北側，先向北復轉西北流，至透仔火轉向西南流，至石洞溫泉再轉向西北流，於寶來注入荖濃溪。
276,173020,隘寮溪,Ailiao River,173000,7,,,,,,,,,,,,,,,,,,,,,,高屏溪水系支流
277,173021,武洛溪,Wuluo River,173020,7,,,,,,,,,,,,,,,,,,,,,,高屏溪水系支流
278,173022,隘寮北溪,Ailiaobei River,173020,7,,,,,,,,,,,,,,,,,,,,,,高屏溪水系支流
279,173023,隘寮南溪,Ailiaonan River,173020,7,,,,,,,,,,,,,,,,,,,,,,高屏溪水系支流
280,173030,旗山溪,Qishan River,173000,7,,,,,,,,,,,,,,,,,,,,,,高屏溪水系支流
281,173031,口隘溪,Kouai River,173030,7,,,,,,,,,,,,,,,,,,,,,,
282,173032,美濃溪,Meinong River,173030,7,,,,,,,,,,,,,,,,,,,,,,高屏溪水系支流
283,173033,武鹿溪,Wulu River,173030,7,,,,,,,,,,,,,,,,,,,,,,
520,173034,吉洋排水,Ji Yang Drainage,173030,7,第七河川局,高雄市屏東縣,吉洋排水,旗山溪,與旗山溪匯流處,高屏99線保濃橋,6.75,5.6,1/315,,,,,,,,,,,,,
521,173035,外六寮排水,Wai Liu Liao Drainage,173030,7,第七河川局,高雄市屏東縣,外六寮排水,旗山溪,與旗山溪匯流處,與高屏99線交點農路橋,9.35,7.04,1/360,,,,,,,,,,,,,
284,174000,東港溪,Donggang River,0,7,,,,,,,,,,東港溪,Donggang River,大武山,Dawu Mountain,屏東縣,Pingtung County,新園鄉、東港鎮,Xinyua & Donggang,472,44,經濟部水利署,WRA,東港溪流域位於台灣南部屏東縣境內，介於高屏溪與林邊溪間，座落屏東平原中部·東港溪發源於屏東縣南大武山前麓，於屏東縣東港鎮北側出海，全長44.00公里。
285,174010,牛角灣溪,Niujiowan River,174000,7,,,,,,,,,,,,,,,,,,,,,,東港溪水系支流
286,174020,萬安溪,Wanan River,174000,7,,,,,,,,,,,,,,,,,,,,,,東港溪水系支流
194,175000,牛埔溪,Niupu River,0,7,,,,,,,,,,,,,,,,,,,,,,
288,176000,林邊溪,Linbian River,0,7,,,,,,,,,,林邊溪,Linbian River,南大武山,South Dawu Mountain,屏東縣,Pingtung County,林邊鄉、佳冬鄉,Linbian & Jiadong,336,41.3,屏東縣,Pingtung County,林邊溪是縣市管河川，全溪均於屏東縣境內，長42公里。 流域面積336.30平方公里，發源於南大武山西南麓，主流依序流經泰武鄉、來義鄉、新埤鄉、佳冬鄉、林邊鄉，在林邊鄉和佳冬鄉交界流入台灣海峽。主要支流為力力溪。
289,176010,力力溪,Lili River,176000,7,,,,,,,,,,,,,,,,,,,,,,
290,177000,佳冬溪,Jiadong River,0,7,,,,,,,,,,,,,,,,,,,,,,
291,178000,北勢溪,Beishi River,0,7,,,,,,,,,,,,,,,,,,,,,,
293,179000,率芒溪,Lumang River,0,7,,,,,,,,,,率芒溪,Shuaimang River,大樹林山,Dashulin Mountain,屏東縣,Pingtung County,枋寮鄉,Fangliao,90,22.3,屏東縣,Pingtung County,
98,180000,南湖溪,Nanhu River,0,7,,,,,,,,,,,,,,,,,,,,,,
294,181000,十里溪,Shili River,0,7,,,,,,,,,,,,,,,,,,,,,,
295,182000,枋山溪,Fangshan River,0,7,,,,,,,,,,枋山溪,Fangshan River,南湖呂山,Nanhulyu Mountain,屏東縣,Pingtung County,枋山鄉,Fangshan,125,25.7,屏東縣,Pingtung County,
296,183000,楓港溪,Fenggang River,0,7,,,,,,,,,,楓港溪,Fonggang River,牡丹溪山,Mudansi Mountain,屏東縣,Pingtung County,枋山鄉,Fangshan,103,20.4,屏東縣,Pingtung County,
297,184000,石盤溪,Shipan River,0,7,,,,,,,,,,石盤溪,Shihpan River,里龍山,Leilong Mountain,屏東縣,Pingtung County,枋山鄉,Fangshan,6,4,屏東縣,Pingtung County,
298,185000,四重溪,Sizhong River,0,7,,,,,,,,,,四重溪,Sizhong River,里龍山,Leilong Mountain,屏東縣,Pingtung County,車城鄉,Checheng,125,31.9,經濟部水利署,WRA,"四重溪流域位於台灣南端恆春半島，東以中央山脈為界·西臨台灣海峽·南鄰保力溪流域·北鄰楓港溪流域。四重溪發源於南部中央山脈西南側里龍山（標高1,062公尺）·上游幹流為汝仍溪·於茄芝路匯入牡丹溪·再於南石門及溫泉村分別匯入竹社溪及大梅溪·於車城西南方流入台灣海峽，全長31.91公里。"
300,185010,里仁溪,Liren River,185000,7,,,,,,,,,,里仁溪,Liren River,觀音山南西峰,East Peak of Guanyin Mountain,屏東縣,Pingtung County,牡丹鄉,Mudan,6,2,屏東縣,Pingtung County,
301,185020,牡丹溪,Mudan River,185000,7,,,,,,,,,,牡丹溪,Mudan River,舊牡丹南方,South Jioumudan,屏東縣,Pingtung County,牡丹鄉,Mudan,12,4,屏東縣,Pingtung County,
302,185030,竹社溪,Zhushe River,185000,7,,,,,,,,,,,,,,,,,,,,,,
303,185040,大梅溪,Damei River,185000,7,,,,,,,,,,,,,,,,,,,,,,
304,186000,保力溪,Baoli River,0,7,,,,,,,,,,保力溪,Baoli River,四林山,Sihlin Mountain,屏東縣,Pingtung County,車城鄉,Checheng,105,20.7,屏東縣,Pingtung County,
305,201000,港口溪,Gangkou River,0,7,,,,,,,,,,港口溪,Gangkou River,高土佛山,Gaotufu Mountain,屏東縣,Pingtung County,滿州鄉,Manjhou,102,32,屏東縣,Pingtung County,
306,201010,吧沙加魯溪,Bashajialu River,201000,7,,,,,,,,,,,,,,,,,,,,,,
307,201020,小路溪,Xiaolu River,201000,7,,,,,,,,,,,,,,,,,,,,,,
308,201030,欖仁溪,Lanren River,201000,7,,,,,,,,,,,,,,,,,,,,,,
309,201040,老佛溪,Laofo River,201000,7,,,,,,,,,,,,,,,,,,,,,,
310,201050,加都魯溪,Jiadoulu River,201000,7,,,,,,,,,,,,,,,,,,,,,,
311,201060,林祿溪,Linlu River,201000,7,,,,,,,,,,,,,,,,,,,,,,
312,201070,白沙彌溪,Baishami River,201000,7,,,,,,,,,,,,,,,,,,,,,,
313,202000,九棚溪,Jiupeng River,0,7,,,,,,,,,,九棚溪,Jioupeng River,萬里得山,Wanlide Mountain,屏東縣,Pingtung County,滿州鄉,Manjhou,20,4,屏東縣,Pingtung County,
314,203000,港子溪,Gangzi River,0,7,,,,,,,,,,港子溪,Gangzih River,舊社丹,Jioumudan,屏東縣,Pingtung County,滿州鄉,Manjhou,16,6,屏東縣,Pingtung County,
315,204000,旭海溪,Xuhai River,0,7,,,,,,,,,,,,,,,,,,,,,,
198,205000,乾溪,Gan River,0,7,,,,,,,,,,,,,,,,,,,,,,
318,206000,塔瓦溪,Tawa River,0,8,,,,,,,,,,塔瓦溪,Tawa River,牡丹溪山,mudansi Mountain,臺東縣,Taitung County,達仁鄉,Daren,4,3,臺東縣,Taitung County,
319,207000,達仁溪,Daren River,0,8,,,,,,,,,,達仁溪,Daren River,壽卡,Shouka,臺東縣,Taitung County,達仁鄉,Daren,13,3,臺東縣,Taitung County,
320,208000,安朔溪,Anshuo River,0,8,,,,,,,,,,安朔溪,Anshuo River,卡勃卡那山,Kabokana Mountain,臺東縣,Taitung County,達仁鄉,Daren,58,12.1,臺東縣,Taitung County,
321,209000,朝庸溪,Chaoyong River,0,8,,,,,,,,,,朝庸溪,Chaoyong River,達仁鄉,Darren,臺東縣,Taitung County,大武鄉,Dawu,13,7.7,臺東縣,Taitung County,
322,210000,大武溪,Dawu River,0,8,,,,,,,,,,大武溪,Dawu River,大樹林山,Dashulin Mountain,臺東縣,Taitung County,大武鄉,Dawu,110,18.7,臺東縣,Taitung County,
323,211000,烏萬溪,Wuwan River,0,8,,,,,,,,,,烏萬溪,Wuwan River,新化社,Sinhuashe,臺東縣,Taitung County,大武鄉,Dawu,17,7.2,臺東縣,Taitung County,
324,212000,津林溪,Jinlin River,0,8,,,,,,,,,,津林溪,Jinlin River,柿子埔社,Shihzih pushe,臺東縣,Taitung County,大武鄉,Dawu,16,8.3,臺東縣,Taitung County,
325,213000,大竹溪,Dazhu River,0,8,,,,,,,,,,大竹溪,Dajhu River,大力里山,Dalili Mountain,臺東縣,Taitung County,大武鄉,Dawu,133,23.7,臺東縣,Taitung County,
326,214000,金崙溪,Jinlun River,0,8,,,,,,,,,,金崙溪,Jin-lun River,衣丁山,Yiding Mountain,臺東縣,Taitung County,太麻里鄉,Taimali,152,26.4,臺東縣,Taitung County,金崙溪為一位於台灣東部之縣市管河川，幹流長度26.40公里，流域面積151.94平方公里，分布於台東縣太麻里鄉、金峰鄉。主流發源於金峰鄉歷坵村衣丁山東麓，先向北北東流，匯集源自南大武山、茶仁山諸支流後，轉向東南流，經飛龍、近黃、地克崙、莫哥布各、歷坵，進入太麻里鄉境，再流經仁愛部落、賓茂，最終於金崙南側注入太平洋。
327,215000,太麻里溪,Taimali River,0,8,,,,,,,,,,太麻里溪,Taimali River,北大武山,North Dawu Mountain,臺東縣,Taitung County,太麻里鄉,Taimali,218,35.2,臺東縣,Taitung County,
328,216000,文里溪,Wenli River,0,8,,,,,,,,,,文里溪,Wunli River,文里格,Wunlige,臺東縣,Taitung County,太麻里鄉,Taimali,6,4,臺東縣,Taitung County,
329,217000,知本溪,Zhiben River,0,8,,,,,,,,,,知本溪,Jhihben River,霧頭山,Wutou Mountain,臺東縣,Taitung County,卑南鄉、太麻里鄉,Beinan & Taimali,198,39.3,臺東縣,Taitung County,
330,218000,利嘉溪,Lijia River,0,8,,,,,,,,,,利嘉溪,Lijia River,大浦山,Dapu Mountain,臺東縣,Taitung County,臺東市,Taitung,175,37.8,臺東縣,Taitung County,
331,219000,太平溪,Taiping River,0,8,,,,,,,,,,太平溪,Taping River,太巴六九,Dabalioujiou,臺東縣,Taitung County,臺東市,Taitung,88,20.5,臺東縣,Taitung County,
6,220000,卑南溪,Beinan River,0,8,,,,,,,,,,卑南溪,Beinan River,中央山脈卑南主峰,Beinan Main Peak of Central Moutain Range,臺東縣,Taitung County,臺東市,Taitung,1603,84.4,經濟部水利署,WRA,卑南溪水系位於台東縣境內，發源於中央山脈卑南主峰（標高3293公尺），為東部主要河川之一，東與海岸山脈分水嶺為界，西至中央山脈，與高屏溪流域分踞東西向，南鄰太平溪，北鄰池上鄉與秀姑巒溪流域為界；幹流於初來附近出谷擋於海岸山脈後順台東縱谷南下 ，至台東市北郊注入太平洋．本溪水系上有鹿野溪，鹿寮溪兩條主要支流。流域面積：1603.21平方公里流長：84.35公里
332,220010,新武呂溪,XinwuLü River,220000,8,,,,,,,,,,,,,,,,,,,,,,
226,220020,鹿寮溪,Luliao River,220000,8,,,,,,,,,,,,,,,,,,,,,,卑南溪水系支流
333,220030,鹿野溪,Luye River,220000,8,,,,,,,,,,,,,,,,,,,,,,卑南溪水系支流
334,220031,鹿鳴溪,Luming River,220030,8,,,,,,,,,,,,,,,,,,,,,,
335,220032,嘉豐溪,Jiafeng River,220030,8,,,,,,,,,,,,,,,,,,,,,,
336,220033,嘉豐二號溪,Jiafeng NO.2 River,220030,8,,,,,,,,,,,,,,,,,,,,,,鹿野溪支流
10,220034,和平溪,Heping River,220030,8,,,,,,,,,,,,,,,,,,,,,,
337,220035,嘉豐一號溪,Jiafeng NO.1 River,220030,8,,,,,,,,,,,,,,,,,,,,,,
287,220040,萬安溪,Wanan River,220000,8,,,,,,,,,,,,,,,,,,,,,,
338,220050,泥水溪,Nishui River,220000,8,,,,,,,,,,,,,,,,,,,,,,
339,220060,嘉武溪,Jiawu River,220000,8,,,,,,,,,,,,,,,,,,,,,,
340,220070,紅石溪,Hongshi River,220000,8,,,,,,,,,,,,,,,,,,,,,,
341,220071,楠溪,Nan River,220000,8,,,,,,,,,,,,,,,,,,,,,,
342,220080,崁頂溪,Kanding River,220000,8,,,,,,,,,,,,,,,,,,,,,,
343,220090,加鹿溪,Jialu River,220000,8,,,,,,,,,,,,,,,,,,,,,,
353,221000,都蘭溪,Doulan River,0,8,,,,,,,,,,都蘭溪,Dulan River,都巒山南峰,South Peak of Dulan Mountain,臺東縣,Taitung County,東河鄉,Tonghe,6,4,臺東縣,Taitung County,
367,222000,八里溪,Bali River,0,9,,,,,,,,,,八里溪,Bali River,都巒山東峰,East Peak of Dulan Mountain,臺東縣,Taitung County,東河鄉,Tonghe,18,4,臺東縣,Taitung County,
354,223000,馬武溪,Mawu River,0,8,,,,,,,,,,馬武溪,Mawu River,都巒山,Dulan Mountain,臺東縣,Taitung County,東河鄉,Tonghe,150,28,臺東縣,Taitung County,
355,224000,成功溪,Chenggong River,0,8,,,,,,,,,,成功溪,Chenggung River,新港山南峰,North peak of Singang Mountain,臺東縣,Taitung County,成功鎮,Chenggong,16,8,臺東縣,Taitung County,
356,225000,富家溪,Fujia River,0,8,,,,,,,,,,富家溪,Fujia River,分水崙山,Fenshueilun Mountain,臺東縣,Taitung County,成功鎮,Chenggong,26,9,臺東縣,Taitung County,
357,226000,都威溪,Douwei River,0,8,,,,,,,,,,都威溪,Duwei River,成廣澳山,Chengguang-ao Mountain,臺東縣,Taitung County,成功鎮,Chenggong,15,5.9,臺東縣,Taitung County,
358,227000,沙灣溪,Shawan River,0,8,,,,,,,,,,沙灣溪,Shawan River,大庄處,Dajhuangchu,臺東縣,Taitung County,長濱鄉,Changbin,7,5,臺東縣,Taitung County,
359,228000,寧埔溪,Ningpu River,0,8,,,,,,,,,,寧埔溪,Ningpu River,安通越山,Antungyue Mountain,臺東縣,Taitung County,長濱鄉,Changbin,5,4,臺東縣,Taitung County,
360,229000,竹湖溪,Zhuhu River,0,8,,,,,,,,,,竹湖溪,Jhuhu River,安通越山,Antungyue Mountain,臺東縣,Taitung County,長濱鄉,Changbin,11,6,臺東縣,Taitung County,
361,230000,大德溪,Dade River,0,8,,,,,,,,,,大德溪,Dade River,北花東山,North Huatung Mountain,臺東縣,Taitung County,長濱鄉,Changbin,6,4,臺東縣,Taitung County,
362,231000,長濱溪,Zhangbin River,0,8,,,,,,,,,,長濱溪,Changbin River,北花東山,North Huatung Mountain,臺東縣,Taitung County,長濱鄉,Changbin,6,4,臺東縣,Taitung County,
363,232000,城埔溪,Chengpu River,0,8,,,,,,,,,,城埔溪,Chengpu River,上田組,Shangtianzu,臺東縣,Taitung County,長濱鄉,Changbin,7,4,臺東縣,Taitung County,
364,233000,馬海溪,Mahai River,0,8,,,,,,,,,,馬海溪,Mahai River,三間屋山,Sanjiewu Mountain,臺東縣,Taitung County,長濱鄉,Changbin,6,4,臺東縣,Taitung County,
365,234000,山間溪,Shanjian River,0,8,,,,,,,,,,山間溪,Shanjian River,三間屋山,Sanjiewu Mountain,臺東縣,Taitung County,長濱鄉,Changbin,5,4,臺東縣,Taitung County,
366,235000,水母溪,Shuimu River,0,8,,,,,,,,,,水母溪,Shueimu River,三間屋山,Sanjiewu Mountain,臺東縣,Taitung County,長濱鄉,Changbin,40,12,臺東縣,Taitung County,
368,236000,三富溪,Sanfu River,0,9,,,,,,,,,,三富溪,Sanfu River,三富山,Sanfu Mountain,花蓮縣,Hualien County,豐濱鄉,Fengbin,7,5,花蓮縣,Hualien County,
369,237000,秀姑巒溪,Xiuguluan River,0,9,,,,,,,,,,秀姑巒溪,Xiuguluan River,崙天山,Luntian Monutain,花蓮縣、臺東縣,"Hualien County, Taitung County",豐濱鄉,Fengbin,1790,81.2,經濟部水利署,WRA,"秀姑巒溪的主流發源於花蓮台東二縣交界之崙天山(標高2,360公尺)南麓。註：樂樂溪舊河川名稱為樂樂清水溪、豐坪溪舊河川名稱為太平溪、富源溪舊河川名稱為馬蘭(金勾)溪。"
370,237010,三笠溪,Sanli River,237000,9,,,,,,,,,,,,,,,,,,,,,,
371,237020,樂樂溪,Lele River,237000,9,,,,,,,,,,,,,,,,,,,,,,秀姑巒溪水系支流
40,237021,清水溪,Qingshui River,237020,9,,,,,,,,,,,,,,,,,,,,,,
372,237030,卓溪,Zhuo River,237000,9,,,,,,,,,,,,,,,,,,,,,,秀姑巒溪水系支流
373,237040,豐坪溪,Fengping River,237000,9,,,,,,,,,,,,,,,,,,,,,,秀姑巒溪水系支流
374,237041,中平溪,Zhongping River,237040,9,,,,,,,,,,,,,,,,,,,,,,
375,237050,紅葉溪,Hongye River,237000,9,,,,,,,,,,,,,,,,,,,,,,秀姑巒溪水系支流
348,237060,富源溪,Fuyuan River,237000,9,,,,,,,,,,,,,,,,,,,,,,秀姑巒溪水系支流
376,237061,富興溪,Fuxing River,237060,9,,,,,,,,,,,,,,,,,,,,,,
377,237062,太多蘭溪,Taidoulan River,237060,9,,,,,,,,,,,,,,,,,,,,,,
378,237063,大肚滑溪,Daduhua River,237060,9,,,,,,,,,,,,,,,,,,,,,,
379,237064,阿夜西溪,Ayexi River,237060,9,,,,,,,,,,,,,,,,,,,,,,
380,237065,馬遠溪,Mayuan River,237060,9,,,,,,,,,,,,,,,,,,,,,,
381,237070,大坡溪,Dapo River,237000,9,,,,,,,,,,,,,,,,,,,,,,
382,237080,鰲溪,Ao River,237000,9,,,,,,,,,,,,,,,,,,,,,,
383,237090,螺仔溪,Luozai River,237000,9,,,,,,,,,,,,,,,,,,,,,,
398,238000,豐濱溪,Fengbin River,0,9,,,,,,,,,,豐濱溪,Fengbin River,秀望山,Siouwang Mountain,花蓮縣,Hualien County,豐濱鄉,Fengbin,83,17,花蓮縣,Hualien County,
399,239000,加蘭溪,Jialan River,0,9,,,,,,,,,,加蘭溪,Jialan River,海岸山脈,Coast Mountains,花蓮縣,Hualien County,豐濱鄉,Fengbin,9,5.5,花蓮縣,Hualien County,
401,240000,蕃寮溪,Fanliao River,0,9,,,,,,,,,,,,,,,,,,,,,,
402,241000,水璉溪,Shuilian River,0,9,,,,,,,,,,,,,,,,,,,,,,
403,242000,花蓮溪,Hualian River,0,9,,,,,,,,,,花蓮溪,Hualien River,拔子山,Bagan Monutain,花蓮縣,Hualien County,花蓮市,Hualien,1507,57.3,經濟部水利署,WRA,花蓮溪的發源地在中央山脈的丹大山，在向東流入花東縱谷後，沿著縱谷平原轉向北流，而在花蓮市南區注入太平洋。
404,242010,光復溪,Guangfu River,242000,9,,,,,,,,,,,,,,,,,,,,,,花蓮溪水系支流
405,242011,大興溪,Daxing River,242010,9,,,,,,,,,,,,,,,,,,,,,,
406,242020,馬太鞍溪,Matai'an River,242000,9,,,,,,,,,,,,,,,,,,,,,,
407,242030,萬里溪,Wanli River,242000,9,,,,,,,,,,,,,,,,,,,,,,花蓮溪水系支流
408,242040,壽豐溪,Shoufeng River,242000,9,,,,,,,,,,,,,,,,,,,,,,花蓮溪水系支流
409,242050,木瓜溪,Mugua River,242000,9,,,,,,,,,,,,,,,,,,,,,,花蓮溪水系支流
410,242051,文蘭溪,Wenlan River,242050,9,,,,,,,,,,,,,,,,,,,,,,
411,242060,河內溪,He Nei River,242000,9,,,,,,,,,,,,,,,,,,,,,,光復溪支流
412,242070,馬佛溪,Mofo River,242000,9,,,,,,,,,,,,,,,,,,,,,,馬佛溪位於花蓮縣光復鄉，為中央管河川花蓮溪之支流，全長約17.7公里，總流域面積約14.42平方公里，出山谷後平地流長約6公里，平地集水面積約8平方公里，主要保護光復鄉大全村、西富村、南富村及北富村。
413,242071,莫溪,Mo River,242070,9,,,,,,,,,,,,,,,,,,,,,,
414,242080,羅莫溪,Luomo River,242000,9,,,,,,,,,,,,,,,,,,,,,,
415,242090,加里洞溪,Jialidong River,242000,9,,,,,,,,,,,,,,,,,,,,,,
422,243000,吉安溪,Jian River,0,9,,,,,,,,,,吉安溪,Ji-an River,七腳川山,Cijiaochuan Mountain,花蓮縣,Hualien County,花蓮市,Hualien,42,11.4,花蓮縣,Hualien County,
423,244000,美崙溪,Meilun River,0,9,,,,,,,,,,美崙溪,Meilun River,七腳川山,Cijiaochuan Mountain,花蓮縣,Hualien County,花蓮市,Hualien,76,15.8,花蓮縣,Hualien County,美崙溪舊稱硰婆礑溪，位於台灣東部花蓮縣境內，發源於花蓮市西北中央山脈的七腳川山，自上游山澗出谷後，匯合嵐山溪，朝東南至水源大橋附近，再轉向東流，匯合八堵毛溪後，貫穿北迴鐵路於新城鄉嘉新村與須美基溪匯合後，陸續匯入國強、豐村、進豐等排水，蜿蜒大半個花蓮市於花蓮港南端注入太平洋。 河川發源地 中央山脈七腳川山 流域面積76.4平方公里幹流長度15.8公里平均坡降1/62
424,245000,三棧溪,Sanzhan River,0,9,,,,,,,,,,三棧溪,Sanjhan River,怕托普山,Patopu Mountain,花蓮縣,Hualien County,新城鄉,Hsincheng,123,25,花蓮縣,Hualien County,三棧溪位於花蓮縣新城鄉及秀林鄉，流域貫穿秀林鄉之山區，位於太魯閣國家公園東部。本流域東鄰太平洋，南以加禮宛山、嵐山及七腳川山與美崙溪流域為界；西以榮山及怕托魯山與木瓜溪流域為界；北以新城山、塔山及豬股山與立霧溪流域為界。三棧南溪河流略成東北走向，經景美村至三棧國小附近與三棧北溪合流後，繼往下游約2公里處於新城鄉順安村及康樂村交接處流入太平洋。 河川發源地 秀林鄉富世村之怕托魯山嶺 主要支流 三棧南溪、三棧北溪、三棧溪支流（無名溪） 流域面積120.87平方公里 幹流長度27公里
425,246000,立霧溪,Liwu River,0,9,,,,,,,,,,立霧溪,Liwu River,奇萊主山北峰,North peak of Cilai Mountain,花蓮縣,Hualien County,新城鄉,Hsincheng,616,55,花蓮縣,Hualien County,立霧溪（又名塔次基里溪）位於台灣東部花蓮縣境內，東濱太平洋，西接大甲溪，北臨和平溪，南與濁水溪、木瓜溪及三棧溪接壤。本溪發源於中央山脈合歡山與奇萊山後，順著脊樑山脈東斜坡往東南流，落差大、水流湍急，首先與西南來的托博闊溪相會，進入中游峽谷再與慈恩溪會合，流向東又在天祥附近巧遇瓦黑爾溪及大沙溪，在慈母橋納荖西溪，經太魯閣峽谷而東，在長春橋附近會合砂卡礑溪之後出海。上游蜿蜒於崇山峻嶺，中下游多斷崖峽谷，聞名中外之太魯閣峽谷位於期間，立霧溪水量豐沛，河川侵蝕旺盛，天祥以上支流多，下游支流少，水系呈現勺子狀，出太魯閣後形成沖積扇。 河川發源地 中央山脈合歡山與奇萊山 流域面積616平方公里 幹流長度55公里 平均坡降1/32
426,247000,石公溪,Shigong River,0,9,,,,,,,,,,石公溪,Shihgung River,清水山,Cingshuei Mountain,花蓮縣,Hualien County,秀林鄉,Sioulin,9,3,花蓮縣,Hualien County,
427,248000,大富溪,Dafu River,0,9,,,,,,,,,,大富溪,Dafu River,清水山,Cingshuei Mountain,花蓮縣,Hualien County,秀林鄉,Sioulin,6,3,花蓮縣,Hualien County,
428,249000,大清水溪,Daqing River,0,9,,,,,,,,,,大清水溪,Dacingshuei River,清水山北峰,North Peak of Cingshuei Mountain,花蓮縣,Hualien County,秀林鄉,Sioulin,52,10,花蓮縣,Hualien County,
9,250000,和平溪,Heping River,0,1,,,,,,,,,,和平溪,Heping River,南湖北山,Nanhu North Mountain,花蓮縣、宜蘭縣,"Hualien County, Yilan County",秀林鄉、南澳鄉,Xiulin & Nan-ao,562,48.2,經濟部水利署,WRA,"發源地：和平溪的發源地在中央山脈南湖大山（標高3,742公尺）。分界點：和平溪位於台灣東北部是花蓮縣和宜蘭縣的界河，東瀕太平洋，西接大甲溪，南臨立霧溪，北與南澳 溪及蘭陽溪接壤。流域面積約561.6平方公里，總長約50.73公里，主要支流有和平南溪與和平北溪，流經南澳鄉與(花蓮縣)秀林鄉。"
11,250010,和平北溪,Heping North River,250000,1,,,,,,,,,,,,,,,,,,,,,,
12,250020,和平南溪,Heping South River,250000,1,,,,,,,,,,,,,,,,,,,,,,
13,250030,楓溪,Feng River,250000,1,,,,,,,,,,,,,,,,,,,,,,
14,251000,南澳溪,Nanao River,0,1,,,,,,,,,,南澳溪,Nan-ao River,三星山,Sansing Mountain,宜蘭縣,Yilan County,南澳鄉,Nan-ao,312,48.4,宜蘭縣,Yilan County,
15,251010,南澳北溪,Nanao North River,251000,1,,,,,,,,,,,,,,,,,,,,,,
16,251020,南澳南溪,Nanao South River,251000,1,,,,,,,,,,,,,,,,,,,,,,
17,252000,東澳溪,Dongao River,0,1,,,,,,,,,,東澳溪,Dong-ao River,大白山,Da bai Mountain,宜蘭縣,Yilan County,南澳鄉,Nan-ao,21,8,宜蘭縣,Yilan County,
18,253000,蘇澳溪,Suao River,0,1,,,,,,,,,,蘇澳溪,Suao River,西帽山,Simao Mountain,宜蘭縣,Yilan County,蘇澳鄉,Suao,30,8.8,宜蘭縣,Yilan County,
19,253010,白米溪,Baimi River,253000,1,,,,,,,,,,,,,,,,,,,,,,
20,254000,新城溪,Xincheng River,0,1,,,,,,,,,,新城溪,Sincheng River,蘭崁山,Lankan Mountain,宜蘭縣,Yilan County,蘇澳鄉,Suao,50,18.1,宜蘭縣,Yilan County,
21,255000,冬山河,Dongshan River,0,1,,,,,,,,,,,,,,,,,,,,,,
22,256000,蘭陽溪,Lanyang River,0,1,,,,,,,,,,蘭陽溪,Lanyang River,南湖北山,Nanhubei Mountain,宜蘭縣,Yilan County,壯圍鄉、五結鄉,Zhuangwei & Wujie,978,73,經濟部水利署,WRA,蘭陽溪發源於南湖大山北麓（標高3536公尺），從五結與壯圍出海，注入太平洋。
23,256010,羅東溪,Luodong River,256000,1,,,,,,,,,,,,,,,,,,,,,,蘭陽溪水系支流
24,256011,打狗溪,Dagou River,256010,1,,,,,,,,,,,,,,,,,,,,,,
25,256012,安農溪,Annong River,256010,1,,,,,,,,,,,,,,,,,,,,,,安農溪原名電火溪， 位於宜蘭縣三星鄉境內，為中央管河川蘭陽溪水系羅東溪重要支流，在羅東溪下游左岸柯子林堤防匯流入羅東溪，主流全長17.2公里，流域面積約55.9平方公里。其上游早在日據時代就興建了蘭陽水力發電廠，承接發電的尾水形成一條溪流，這就是電火溪的由來，也因此讓安農溪擁有源源不絕的潺潺流水、豐富多樣的自然生態以及優美蜿蜒的河岸景觀。
29,256013,出水溪,Chushui River,256010,1,,,,,,,,,,,,,,,,,,,,,,
30,256014,寒溪,Han River,256010,1,,,,,,,,,,,,,,,,,,,,,,
26,256018,大坑溪,Dakeng River,256012,1,,,,,,,,,,,,,,,,,,,,,,
28,256019,柑仔坑溪,Ganzaikeng River,256012,1,,,,,,,,,,,,,,,,,,,,,,
31,256020,宜蘭河,Yilan River,256000,1,,,,,,,,,,,,,,,,,,,,,,蘭陽溪水系支流
32,256021,五十溪,Wushi River,256020,1,,,,,,,,,,,,,,,,,,,,,,蘭陽溪水系支流
33,256022,大湖溪,Dahu River,256020,1,,,,,,,,,,,,,,,,,,,,,,蘭陽溪水系支流
35,256023,大礁溪,Dajiao River,256020,1,,,,,,,,,,,,,,,,,,,,,,蘭陽溪水系支流
36,256024,小礁溪,Xiaojiao River,256020,1,,,,,,,,,,,,,,,,,,,,,,蘭陽溪水系支流
37,256030,清水溪,Qingshui River,256000,1,,,,,,,,,,,,,,,,,,,,,,
41,256040,粗坑溪,Cukeng River,256000,1,,,,,,,,,,,,,,,,,,,,,,
42,256050,頂粗坑溪,Dingcukeng River,256000,1,,,,,,,,,,,,,,,,,,,,,,蘭陽溪支流
43,256060,崙埤溪,Lunpizi River,256000,1,,,,,,,,,,,,,,,,,,,,,,
44,256070,破鐺溪,Podang River,256000,1,,,,,,,,,,,,,,,,,,,,,,
45,256080,松羅溪,Songluo River,256000,1,,,,,,,,,,,,,,,,,,,,,,
46,256090,圓山溪,Yuanshan River,256000,1,,,,,,,,,,,,,,,,,,,,,,
53,257000,得子口溪,Dezikou River,0,1,,,,,,,,,,得子口溪,Detzihkou River,三角崙山,Sanjiaolun Mountain,宜蘭縣,Yilan County,頭城鄉,Toucheng,98,19.3,宜蘭縣,Yilan County,
54,258000,金面溪,Jinmian River,0,1,,,,,,,,,,,,,,,,,,,,,,
55,259000,福德溪,Fude River,0,1,,,,,,,,,,,,,,,,,,,,,,
56,260000,頭城溪,Toucheng River,0,1,,,,,,,,,,,,,,,,,,,,,,
57,261000,大溪川,Daxi River,0,1,,,,,,,,,,大溪川,Dasi River,三方向、山南峰,"Sanfanghsiang, shannanfeng",宜蘭縣,Yilan County,頭城鄉,Toucheng,14,6,宜蘭縣,Yilan County,
58,262000,雙溪,Shuang River,0,1,,,,,,,,,,雙溪,Shuang River,中坑,Jhungkeng,新北市,New Taipei City,貢寮區,Gongliau,133,26.8,新北市,New Taipei City,
501,263000,尖山腳溪,Jianshanjiao River,0,10,,,,,,,,,,尖山腳溪,Jian shan Jiao River,雞母嶺,Jimuling,新北市,New Taipei City,貢寮區,Gongliau,11,9.9,新北市,New Taipei City,
60,264000,瑪鍊溪,Malian River,0,1,,,,,,,,,,,,,,,,,,,,,,
61,265000,員潭溪,Yuantan River,0,1,,,,,,,,,,員潭溪,Yuanan River,礦嘴山,Huangzuei Mountain,新北市,New Taipei City,萬里區,Wanli,22,6.2,新北市,New Taipei City,
444,11401B,大豹溪,Dabao River,114011,10,,,,,,,,,,,,,,,,,,,,,,大豹溪位於新北市三峽區境內，是台灣危險河川之一。大豹溪屬淡水河水系，是大漢溪支流三峽河的上游，流域分布於三峽區南部，其源流為熊空溪。上游有滿月圓森林遊樂區、樂樂谷、鴛鴦谷等景點，是台灣河川與旅遊景點。大豹溪發源於江南腳山東南方約1.5公里之三峽區、烏來區邊境山區，先向西轉西南流至樂樂谷，匯集另一支流蚋仔溪後，始稱為大豹溪。大豹溪自此往西北流經有木、插角，至湊合與西南方流來之五寮溪會合後，改稱為三峽河。
445,11401C,二鬮溪,Erjiu River,114011,10,,,,,,,,,,,,,,,,,,,,,,
446,11401D,中埔溪,Zhongpu River,114011,10,,,,,,,,,,,,,,,,,,,,,,
447,11401E,竹崙溪,Zhulun River,114011,10,,,,,,,,,,,,,,,,,,,,,,
448,11401F,竹坑溪,Zhukeng River,114011,10,,,,,,,,,,,,,,,,,,,,,,
449,11401G,橫溪,Heng River,114011,10,,,,,,,,,,,,,,,,,,,,,,
459,11402A,桶後溪,Tonghou River,114021,10,,,,,,,,,,,,,,,,,,,,,,
460,11402B,後寮溪,Houliao River,114022,10,,,,,,,,,,,,,,,,,,,,,,
461,11402C,溪尾寮溪,Xiweiliao River,114022,10,,,,,,,,,,,,,,,,,,,,,,
462,11402D,坪溪,Ping River,114022,10,,,,,,,,,,,,,,,,,,,,,,
463,11402E,灣潭溪,Wantan River,114022,10,,,,,,,,,,,,,,,,,,,,,,
464,11402F,金瓜寮溪,Jingualiao River,114022,10,,,,,,,,,,,,,,,,,,,,,,
465,11402G,石硿子溪,Shikongzi River,114022,10,,,,,,,,,,,,,,,,,,,,,,
466,11402H,後坑溪,Houkeng River,114022,10,,,,,,,,,,,,,,,,,,,,,,
468,11402I,烏塗溪,Wutu River,114023,10,,,,,,,,,,,,,,,,,,,,,,
469,11402J,指南溪,Zhinan River,114023,10,,,,,,,,,,,,,,,,,,,,,,
470,11402K,老泉溪,Laoquan River,114023,10,,,,,,,,,,,,,,,,,,,,,,
471,11402L,無名溪,Wuming River,114023,10,,,,,,,,,,,,,,,,,,,,,,
472,11402M,中間溪,Zhongjian River,114023,10,,,,,,,,,,,,,,,,,,,,,,
473,11402N,永定溪,Yongding River,114023,10,,,,,,,,,,,,,,,,,,,,,,景美溪支流
132,11403A,北港溪,Beigang River,114030,10,,,,,,,,,,,,,,,,,,,,,,
484,11403B,康誥坑溪,Kanggaokeng River,114030,10,,,,,,,,,,,,,,,,,,,,,,
485,11403C,下寮溪,Xialiao River,114030,10,,,,,,,,,,,,,,,,,,,,,,
486,11403D,大坑溪排水,Da Keng River Drainage,114030,10,,,,,,,,,,,,,,,,,,,,,,
487,11403E,四分溪,Sifen River,114030,10,,,,,,,,,,,,,,,,,,,,,,
488,11403F,草濫溪,Caolan River,114030,10,,,,,,,,,,,,,,,,,,,,,,
489,11403G,內溝溪排水,Nei Gou River Drainage,114030,10,,,,,,,,,,,,,,,,,,,,,,
59,11403H,雙溪,Shuang River,114030,10,,,,,,,,,,,,,,,,,,,,,,
430,11403I,磺溪,Huang River,114030,10,,,,,,,,,,,,,,,,,,,,,,
494,11403J,磺港溪,Huanggang River,114030,10,,,,,,,,,,,,,,,,,,,,,,
495,11403K,貴子坑溪,Guizikeng River,114030,10,,,,,,,,,,,,,,,,,,,,,,
496,11403L,石厝坑溪,Shicuokeng River,114030,10,,,,,,,,,,,,,,,,,,,,,,
497,11403M,拔下二溪,Baxiaer River,114030,10,,,,,,,,,,,,,,,,,,,,,,
498,11403N,關渡溪,Guandu River,114030,10,,,,,,,,,,,,,,,,,,,,,,
514,11403O,深澳坑溪排水,Ao Keng River Drainage,114030,10,第十河川局,新北市基隆市,深澳坑溪排水,基隆河,與基隆河匯流處,基隆市深澳坑路57之3,7,3.17,1/200,,,,,,,,,,,,,
515,11403P,大內坑溪排水,Da Nei Keng River Drainage,114030,10,第十河川局,新北市基隆市,大內坑溪排水,基隆河,與基隆河匯流處,靈泉禪寺前放生湖,3.26,2.3,1/300,,,,,,,,,,,,,
490,11403R,安泰溪,Antai River,11403G,10,,,,,,,,,,,,,,,,,,,,,,
491,11403S,內雙溪,Neishuang River,11403H,10,,,,,,,,,,,,,,,,,,,,,,
492,11403T,外雙溪,Waishuang River,11403H,10,,,,,,,,,,,,,,,,,,,,,,
493,11403U,猴洞坑溪,Houdongkeng River,11403H,10,,,,,,,,,,,,,,,,,,,,,,
142,14305A,龍虎鬪坑排水,Longhudoukeng Drainage,143053,3,,,,,,,,,,,,,,,,,,,,,,
145,14305B,北溝溪排水,Bei Gou River Drainage,143055,3,,,,,,,,,,,,,,,,,,,,,,
146,14305C,乾溪排水,Gan  River Drainage,143055,3,,,,,,,,,,,,,,,,,,,,,,
150,14305D,柳川排水,Liuchuan Drainage,143056,3,第三河川局,台中市,柳川排水,旱溪排水,與旱溪排水匯流處,石岡壩南幹渠水閘分水,9.79,10.57,1/140,,,,,,,,,,,,,
522,14306A,四塊厝圳支線,Si Kuai Cuo Zun Ahi Zhi Xian,143061,3,第三河川局,台中市,四塊厝圳支線,港尾子溪排水,與港尾子溪匯流處,台中市中清路,2.03,3.17,1/100,,,,,,,,,,,,,
523,14306C,員寶庄圳支線,Yuan Bao Zhuang Zun Zhi Xian,143061,3,第三河川局,台中市,員寶庄圳支線,港尾子溪排水,與港尾子溪匯流處,中山高速公路,10.26,8.09,1/105,,,,,,,,,,,,,
524,14306D,大埔厝圳支線,Da Pu Cuo Zun Zhi Xian,143061,3,第三河川局,台中市,大埔厝圳支線,港尾子溪排水,與港尾子溪匯流處,雅潭路雅潭橋,7.26,4.44,1/96,,,,,,,,,,,,,
185,1510A0,南清水溝溪,Nanqingshuigou River,151000,4,,,,,,,,,,,,,,,,,,,,,,
186,1510B0,塔羅灣溪,Talurwan River,151000,4,,,,,,,,,,,,,,,,,,,,,,濁水溪水系支流
192,15401A,內林溪,Neilin River,154011,5,,,,,,,,,,,,,,,,,,,,,,
193,15401B,牛埔溪,Niupu River,154011,5,,,,,,,,,,,,,,,,,,,,,,
200,15401C,芭蕉溪,Bajiao River,154015,5,,,,,,,,,,,,,,,,,,,,,,
525,15402A,興安中排四,Xing An Zhong Pai Si,154023,5,第五河川局,雲林縣嘉義縣,興安中排四,興安排水,與興安排水匯流處,大埤鄉蘆竹公墓往雲一O八線農路西側,1.13,1.9,1/545,,,,,,,,,,,,,
526,17303A,高雄農場排水,Gao Xiong Nong Chang Pai Shui,173035,7,第七河川局,高雄市屏東縣,高雄農場排水,外六寮排水,與外六寮排水匯流處,與高屏99線交點,2.59,1.89,1/210,,,,,,,,,,,,,
344,2200A0,加典溪,Jiadian River,220000,8,,,,,,,,,,,,,,,,,,,,,,
162,2200B0,濁水溪,Zhuoshui River,220000,8,,,,,,,,,,,,,,,,,,,,,,
345,2200C0,中野溪,Zhongye River,220000,8,,,,,,,,,,,,,,,,,,,,,,
346,2200D0,山里溪,Shanli River,220000,8,,,,,,,,,,,,,,,,,,,,,,
349,2200F0,拉庫散溪,Lakusan River,220000,8,,,,,,,,,,,,,,,,,,,,,,
350,2200G0,木坑溪,Mukeng River,220000,8,,,,,,,,,,,,,,,,,,,,,,
351,2200H0,石山溪,Shishan River,220000,8,,,,,,,,,,,,,,,,,,,,,,
352,2200I0,山里一號溪,Shanli No.1 River,220000,8,,,,,,,,,,,,,,,,,,,,,,
7,2200J0,電光一號溪,Dianguang No.1 River,220000,8,,,,,,,,,,,,,,,,,,,,,,
8,2200K0,電光二號溪,Dianguang No.2 River,220000,8,,,,,,,,,,,,,,,,,,,,,,
384,2370A0,崙天溪,Luntian River,237000,9,,,,,,,,,,,,,,,,,,,,,,
385,2370A1,打巴溪,Daba River,2370A0,9,,,,,,,,,,,,,,,,,,,,,,
386,2370A2,秀巒溪,Xiuluan River,2370A0,9,,,,,,,,,,,,,,,,,,,,,,
387,2370B0,九岸溪,Jiuan River,237000,9,,,,,,,,,,,,,,,,,,,,,,
388,2370C0,馬加祿溪,Majialu River,237000,9,,,,,,,,,,,,,,,,,,,,,,
389,2370D0,阿眉溪,Amei River,237000,9,,,,,,,,,,,,,,,,,,,,,,
391,2370F0,樂合溪,Lehe River,237000,9,,,,,,,,,,,,,,,,,,,,,,
392,2370G0,高寮溪,Gauliao River,237000,9,,,,,,,,,,,,,,,,,,,,,,
393,2370H0,尋腰溪,Xunyao River,237000,9,,,,,,,,,,,,,,,,,,,,,,
394,2370I0,阿美溪,Amei River,237000,9,,,,,,,,,,,,,,,,,,,,,,
395,2370J0,呂範溪,Fufan River,237000,9,,,,,,,,,,,,,,,,,,,,,,
396,2370K0,苓仔溪,Lingzai River,237000,9,,,,,,,,,,,,,,,,,,,,,,
397,2370L0,樂和溪,Lehe River,237000,9,,,,,,,,,,,,,,,,,,,,,,
416,2420A0,鳳林溪,Fenglin River,242000,9,,,,,,,,,,,,,,,,,,,,,,
417,2420B0,北清水溪,North Cingshuei River,242000,9,,,,,,,,,,,,,,,,,,,,,,
418,2420C0,荖溪,Lao River,242000,9,,,,,,,,,,,,,,,,,,,,,,
419,2420D0,麗太溪,Litai River,242000,9,,,,,,,,,,,,,,,,,,,,,,
421,2420F0,大和溪,Dahe River,242000,9,,,,,,,,,,,,,,,,,,,,,,
47,2560A0,梵梵溪,Fanfan River,256000,1,,,,,,,,,,,,,,,,,,,,,,
48,2560B0,排谷溪,Paigu River,256000,1,,,,,,,,,,,,,,,,,,,,,,
49,2560C0,東壘溪,Donglei River,256000,1,,,,,,,,,,,,,,,,,,,,,,蘭陽溪支流
50,2560D0,碼崙溪,Malun River,256000,1,,,,,,,,,,,,,,,,,,,,,,
52,2560F0,天狗溪,Tiangou River,256000,1,,,,,,,,,,,,,,,,,,,,,,
503,2560G0,嘉興溪,Jia Xing River,256000,1,,,,,,,,,,,,,,,,,,,,,,
400,2560H0,加蘭溪,Jia Lan River,256000,1,,,,,,,,,,,,,,,,,,,,,,
504,2560I0,德荃溪,De Quan River,256000,1,,,,,,,,,,,,,,,,,,,,,,
505,2560J0,志航溪,Zhi Hang River,256000,1,,,,,,,,,,,,,,,,,,,,,,
506,2560K0,茂安溪,Mao An River,256000,1,,,,,,,,,,,,,,,,,,,,,,
507,2560L0,留茂安溪,Liu Mao an River,256000,1,,,,,,,,,,,,,,,,,,,,,,
508,2560M0,加納富溪,JJa Na fu River,256000,1,,,,,,,,,,,,,,,,,,,,,,
509,2560N0,碧水溪,Bi Shui River,256000,1,,,,,,,,,,,,,,,,,,,,,,
299,2560O0,四重溪,Si Zhong River,256000,1,,,,,,,,,,,,,,,,,,,,,,
510,2560P0,美優溪,Mei You River,256000,1,,,,,,,,,,,,,,,,,,,,,,